"","Estimate","SE"
"elpd_loo",9.26866695736994,37.1371499945198
"p_loo",11.1151879539278,4.12215014446197
"looic",-18.5373339147399,74.2742999890397
