"","Estimate","SE"
"elpd_loo",70.5039425760576,12.8315525543267
"p_loo",9.26909415357474,4.35846762314733
"looic",-141.007885152115,25.6631051086534
