"","Estimate","SE"
"elpd_loo",-37.5802862000572,40.690287691459
"p_loo",36.8624897425283,14.780203989224
"looic",75.1605724001145,81.3805753829181
