"","Estimate","SE"
"elpd_loo",-38.6005692007856,39.7360246059733
"p_loo",41.1222450094131,15.7068732151337
"looic",77.2011384015713,79.4720492119465
