Estimate,SE
-84.60243913640427,119.71536619404488
33.28309308503054,17.879610106031052
169.20487827280854,239.43073238808975
