Estimate,SE
6.299945950026564,4.91911088460072
4.649605667531605,1.7598933404731592
-12.599891900053128,9.83822176920144
