Estimate,SE
9.821230165118472,4.784185088441256
3.752029663713569,1.1592443395459535
-19.642460330236943,9.568370176882512
