Estimate,SE
17.19866549544973,21.287411896685803
9.0127519554667,5.659534925369703
-34.39733099089946,42.57482379337161
