"","Estimate","SE"
"elpd_loo",-1.04924393946216,6.34307771274479
"p_loo",8.05196420677031,3.37987815325804
"looic",2.09848787892432,12.6861554254896
