"","Estimate","SE"
"elpd_loo",8.35388494983016,4.02058698552731
"p_loo",4.9429355431791,1.78780249798055
"looic",-16.7077698996603,8.04117397105462
