"","Estimate","SE"
"elpd_loo",27.1046448363535,6.57591168891112
"p_loo",6.99370446011805,2.27526340488556
"looic",-54.2092896727069,13.1518233778222
