"","Estimate","SE"
"elpd_loo",22.0153314320269,12.0890091078373
"p_loo",10.0066668627881,4.60350120367155
"looic",-44.0306628640537,24.1780182156747
