"","Estimate","SE"
"elpd_loo",28.2137084598671,9.58639652876958
"p_loo",1.7843022599598,0.580501427212762
"looic",-56.4274169197343,19.1727930575392
