"","Estimate","SE"
"elpd_loo",25.406107844927,11.1440126401392
"p_loo",3.1389435891448,1.38151262622722
"looic",-50.8122156898541,22.2880252802785
